{"minX":-0.439475179,"maxX":0.476826459,"maxY":1.319271,"modalY":0.0,"maxZ":-3.60378647}